{
  "intercept": 0.01439598563313658,
  "weights": [
    0.10613134910080621,
    0.0032280928848009553,
    0.0002705199686530003,
    -0.026960355016000068,
    -0.009825371833319788
  ]
}